year;sampling_round;plot_code;fruit_consumption_event_code;bird_sp;fruit_sp;no_fruits_consumed
2012_2013;1;B3;1;tur_mer;cra_mon;1
2012_2013;1;G3;2;tur_mer;cra_mon;11
2012_2013;1;M2;3;syl_atr;rub_fru;2
2012_2013;1;M2;4;gar_gla;rub_fru;4
2012_2013;1;M3;5;syl_atr;rub_fru;1
2012_2013;1;M3;6;tur_mer;cra_mon;1
2012_2013;1;M3;7;syl_atr;rub_fru;3
2012_2013;1;M3;8;syl_atr;rub_fru;3
2012_2013;1;M3;9;syl_atr;rub_fru;5
2012_2013;1;M3;10;syl_atr;rub_fru;7
2012_2013;1;M3;11;syl_atr;rub_fru;10
2012_2013;1;P1;12;tur_mer;sor_auc;2
2012_2013;1;P1;13;tur_mer;sor_auc;3
2012_2013;1;P1;14;tur_mer;sor_auc;7
2012_2013;1;P2;15;syl_atr;sor_ari;1
2012_2013;1;P2;16;tur_mer;tax_bac;1
2012_2013;1;P4;17;tur_phi;tax_bac;1
2012_2013;1;P4;18;gar_gla;tax_bac;1
2012_2013;1;P4;19;tur_mer;tax_bac;1
2012_2013;1;P4;20;tur_phi;tax_bac;2
2012_2013;1;P4;21;tur_vis;sor_ari;3
2012_2013;2;B1;22;tur_mer;rub_fru;1
2012_2013;2;B3;23;tur_mer;cra_mon;3
2012_2013;2;G1;24;syl_atr;sam_nig;1
2012_2013;2;G1;25;phy_coi;sam_nig;2
2012_2013;2;G1;26;tur_mer;cra_mon;2
2012_2013;2;G2;27;tur_mer;cra_mon;2
2012_2013;2;G3;28;tur_mer;cra_mon;2
2012_2013;2;G3;29;tur_mer;cra_mon;3
2012_2013;2;G3;30;tur_mer;cra_mon;3
2012_2013;2;G3;31;tur_mer;cra_mon;3
2012_2013;2;M1;32;syl_atr;rub_fru;2
2012_2013;2;M2;33;tur_mer;cra_mon;5
2012_2013;2;M3;34;tur_mer;cra_mon;1
2012_2013;2;M3;35;tur_mer;cra_mon;2
2012_2013;2;P1;36;syl_atr;tax_bac;1
2012_2013;2;P1;37;tur_mer;sor_auc;1
2012_2013;2;P1;38;tur_mer;sor_auc;1
2012_2013;2;P1;39;tur_mer;tax_bac;1
2012_2013;2;P1;40;tur_mer;tax_bac;1
2012_2013;2;P1;41;tur_mer;tax_bac;1
2012_2013;2;P1;42;tur_mer;sor_auc;2
2012_2013;2;P1;43;tur_phi;tax_bac;2
2012_2013;2;P1;44;syl_atr;tax_bac;3
2012_2013;3;B2;45;syl_atr;rub_fru;3
2012_2013;3;B4;46;tur_mer;cra_mon;2
2012_2013;3;B4;47;syl_atr;rub_fru;5
2012_2013;3;G1;48;tur_mer;cra_mon;1
2012_2013;3;M1;49;syl_atr;rub_fru;1
2012_2013;3;P1;50;tur_mer;tax_bac;1
2012_2013;3;P1;51;tur_mer;tax_bac;1
2012_2013;3;P1;52;tur_mer;tax_bac;1
2012_2013;3;P1;53;tur_vis;tax_bac;1
2012_2013;3;P1;54;tur_mer;tax_bac;2
2012_2013;3;P1;55;tur_mer;tax_bac;2
2012_2013;4;B1;56;eri_rub;cra_mon;1
2012_2013;4;B1;57;tur_mer;cra_mon;1
2012_2013;4;B1;58;tur_mer;rub_fru;1
2012_2013;4;B1;59;tur_mer;rub_fru;1
2012_2013;4;B1;60;tur_phi;cra_mon;1
2012_2013;4;B1;61;tur_phi;cra_mon;1
2012_2013;4;B1;62;tur_mer;cra_mon;2
2012_2013;4;B1;63;tur_mer;cra_mon;2
2012_2013;4;B1;64;tur_mer;cra_mon;3
2012_2013;4;B1;65;tur_mer;ile_aqu;3
2012_2013;4;B1;66;tur_phi;rub_fru;12
2012_2013;4;B2;67;tur_mer;cra_mon;2
2012_2013;4;B2;68;tur_phi;cra_mon;2
2012_2013;4;B3;69;tur_mer;cra_mon;1
2012_2013;4;B3;70;eri_rub;cra_mon;2
2012_2013;4;B3;71;tur_phi;cra_mon;2
2012_2013;4;B4;72;eri_rub;rub_fru;1
2012_2013;4;B4;73;tur_phi;cra_mon;1
2012_2013;4;B4;74;tur_mer;ile_aqu;2
2012_2013;4;B4;75;tur_mer;cra_mon;3
2012_2013;4;G2;76;eri_rub;cra_mon;1
2012_2013;4;G2;77;eri_rub;cra_mon;2
2012_2013;4;G2;78;tur_mer;cra_mon;2
2012_2013;4;G3;79;eri_rub;cra_mon;1
2012_2013;4;G3;80;eri_rub;rub_fru;1
2012_2013;4;G3;81;tur_mer;cra_mon;1
2012_2013;4;M1;82;tur_phi;cra_mon;2
2012_2013;4;M1;83;tur_mer;cra_mon;3
2012_2013;4;M1;84;tur_phi;cra_mon;5
2012_2013;4;M3;85;eri_rub;rub_fru;1
2012_2013;4;M3;86;tur_mer;cra_mon;3
2012_2013;4;P1;87;tur_vis;tax_bac;1
2012_2013;4;P1;88;tur_vis;tax_bac;2
2012_2013;4;P1;89;tur_vis;tax_bac;3
2012_2013;4;P1;90;tur_vis;tax_bac;3
2012_2013;4;P1;91;tur_vis;tax_bac;5
2012_2013;4;P2;92;tur_phi;tax_bac;2
2012_2013;4;P2;93;tur_mer;cra_mon;3
2012_2013;4;P4;94;tur_vis;tax_bac;4
2012_2013;5;B1;95;tur_mer;cra_mon;2
2012_2013;5;B1;96;tur_phi;cra_mon;2
2012_2013;5;B1;97;tur_phi;cra_mon;2
2012_2013;5;B1;98;tur_mer;cra_mon;3
2012_2013;5;B1;99;tur_mer;cra_mon;5
2012_2013;5;B2;100;eri_rub;cra_mon;1
2012_2013;5;B2;101;tur_phi;cra_mon;2
2012_2013;5;B2;102;tur_phi;cra_mon;3
2012_2013;5;B2;103;tur_phi;cra_mon;4
2012_2013;5;B3;104;tur_mer;cra_mon;1
2012_2013;5;B3;105;tur_mer;cra_mon;2
2012_2013;5;B4;106;eri_rub;cra_mon;1
2012_2013;5;G2;107;syl_atr;cra_mon;1
2012_2013;5;G2;108;tur_mer;cra_mon;1
2012_2013;5;G2;109;tur_mer;cra_mon;1
2012_2013;5;G2;110;tur_mer;cra_mon;1
2012_2013;5;G2;111;tur_mer;cra_mon;1
2012_2013;5;G2;112;tur_mer;cra_mon;1
2012_2013;5;G2;113;tur_phi;cra_mon;1
2012_2013;5;G2;114;tur_phi;cra_mon;1
2012_2013;5;G2;115;tur_mer;cra_mon;2
2012_2013;5;G2;116;tur_phi;cra_mon;2
2012_2013;5;G2;117;tur_phi;ile_aqu;2
2012_2013;5;G2;118;tur_mer;cra_mon;3
2012_2013;5;G2;119;tur_ili;ile_aqu;4
2012_2013;5;G3;120;eri_rub;cra_mon;1
2012_2013;5;G3;121;tur_ili;cra_mon;1
2012_2013;5;G3;122;eri_rub;cra_mon;2
2012_2013;5;G3;123;tur_phi;ile_aqu;2
2012_2013;5;M1;124;eri_rub;cra_mon;1
2012_2013;5;M1;125;tur_mer;cra_mon;1
2012_2013;5;M1;126;tur_mer;cra_mon;2
2012_2013;5;M1;127;tur_mer;cra_mon;2
2012_2013;5;M1;128;tur_mer;cra_mon;3
2012_2013;5;M1;129;tur_phi;cra_mon;4
2012_2013;5;M2;130;tur_mer;ile_aqu;1
2012_2013;5;M2;131;eri_rub;cra_mon;2
2012_2013;5;M3;132;tur_ili;ile_aqu;1
2012_2013;5;M3;133;tur_ili;ile_aqu;3
2012_2013;5;P1;134;eri_rub;cra_mon;1
2012_2013;5;P1;135;tur_mer;tax_bac;2
2012_2013;5;P1;136;tur_mer;cra_mon;7
2012_2013;5;P2;137;tur_phi;cra_mon;1
2012_2013;5;P2;138;tur_phi;tax_bac;1
2012_2013;5;P2;139;tur_phi;tax_bac;1
2012_2013;5;P2;140;tur_phi;tax_bac;1
2012_2013;5;P2;141;tur_phi;tax_bac;1
2012_2013;5;P2;142;tur_mer;cra_mon;2
2012_2013;5;P2;143;tur_mer;tax_bac;2
2012_2013;5;P2;144;tur_phi;tax_bac;2
2012_2013;5;P2;145;tur_phi;tax_bac;2
2012_2013;5;P2;146;tur_phi;tax_bac;2
2012_2013;5;P2;147;syl_atr;tax_bac;3
2012_2013;5;P2;148;tur_phi;tax_bac;3
2012_2013;5;P2;149;tur_phi;tax_bac;3
2012_2013;5;P2;150;tur_phi;tax_bac;3
2012_2013;5;P2;151;tur_phi;tax_bac;3
2012_2013;5;P2;152;tur_phi;tax_bac;3
2012_2013;5;P2;153;tur_phi;tax_bac;3
2012_2013;5;P2;154;eri_rub;rub_fru;4
2012_2013;5;P2;155;tur_phi;tax_bac;4
2012_2013;5;P2;156;tur_phi;tax_bac;5
2012_2013;5;P2;157;tur_pil;tax_bac;5
2012_2013;5;P2;158;tur_phi;tax_bac;7
2012_2013;5;P2;159;tur_phi;tax_bac;9
2012_2013;5;P3;160;tur_mer;cra_mon;4
2012_2013;6;B1;161;tur_ili;cra_mon;1
2012_2013;6;B1;162;tur_ili;cra_mon;2
2012_2013;6;B1;163;tur_mer;cra_mon;2
2012_2013;6;B1;164;tur_mer;rub_fru;2
2012_2013;6;B1;165;tur_ili;cra_mon;3
2012_2013;6;B1;166;tur_mer;rub_fru;3
2012_2013;6;B1;167;tur_mer;cra_mon;7
2012_2013;6;B2;168;tur_ili;cra_mon;1
2012_2013;6;B2;169;tur_ili;cra_mon;2
2012_2013;6;B2;170;tur_ili;cra_mon;2
2012_2013;6;B2;171;tur_ili;cra_mon;2
2012_2013;6;B2;172;tur_ili;cra_mon;2
2012_2013;6;B2;173;tur_ili;cra_mon;3
2012_2013;6;B2;174;tur_ili;cra_mon;3
2012_2013;6;B2;175;tur_ili;cra_mon;3
2012_2013;6;B2;176;tur_ili;cra_mon;3
2012_2013;6;B2;177;tur_ili;cra_mon;4
2012_2013;6;B2;178;tur_ili;cra_mon;4
2012_2013;6;B2;179;tur_ili;cra_mon;4
2012_2013;6;B2;180;tur_ili;cra_mon;4
2012_2013;6;B2;181;tur_ili;cra_mon;5
2012_2013;6;B2;182;tur_mer;cra_mon;6
2012_2013;6;B2;183;tur_mer;cra_mon;6
2012_2013;6;B2;184;tur_ili;cra_mon;7
2012_2013;6;B3;185;tur_ili;cra_mon;2
2012_2013;6;B4;186;tur_ili;cra_mon;1
2012_2013;6;B4;187;tur_ili;cra_mon;1
2012_2013;6;B4;188;tur_ili;cra_mon;1
2012_2013;6;B4;189;tur_ili;cra_mon;1
2012_2013;6;B4;190;tur_ili;cra_mon;1
2012_2013;6;B4;191;tur_ili;cra_mon;1
2012_2013;6;B4;192;tur_ili;cra_mon;2
2012_2013;6;B4;193;tur_ili;cra_mon;2
2012_2013;6;B4;194;tur_ili;cra_mon;2
2012_2013;6;B4;195;tur_ili;cra_mon;2
2012_2013;6;B4;196;tur_ili;cra_mon;2
2012_2013;6;B4;197;tur_ili;cra_mon;2
2012_2013;6;B4;198;tur_ili;cra_mon;2
2012_2013;6;B4;199;tur_ili;cra_mon;2
2012_2013;6;B4;200;tur_ili;cra_mon;2
2012_2013;6;B4;201;tur_mer;cra_mon;2
2012_2013;6;B4;202;tur_mer;cra_mon;2
2012_2013;6;B4;203;tur_ili;cra_mon;3
2012_2013;6;B4;204;tur_ili;cra_mon;3
2012_2013;6;B4;205;tur_ili;cra_mon;3
2012_2013;6;B4;206;tur_ili;cra_mon;3
2012_2013;6;B4;207;tur_ili;cra_mon;4
2012_2013;6;B4;208;tur_ili;cra_mon;4
2012_2013;6;B4;209;tur_ili;cra_mon;5
2012_2013;6;B4;210;tur_ili;cra_mon;6
2012_2013;6;G1;211;tur_mer;cra_mon;1
2012_2013;6;G1;212;tur_mer;cra_mon;1
2012_2013;6;G1;213;tur_ili;cra_mon;3
2012_2013;6;G1;214;tur_ili;cra_mon;3
2012_2013;6;G1;215;tur_mer;cra_mon;3
2012_2013;6;G1;216;tur_phi;cra_mon;4
2012_2013;6;G2;217;tur_ili;cra_mon;1
2012_2013;6;G2;218;tur_ili;cra_mon;1
2012_2013;6;G2;219;tur_mer;cra_mon;1
2012_2013;6;G2;220;tur_ili;cra_mon;2
2012_2013;6;G2;221;tur_ili;cra_mon;2
2012_2013;6;G2;222;tur_ili;ile_aqu;2
2012_2013;6;G2;223;tur_mer;cra_mon;2
2012_2013;6;G2;224;tur_mer;cra_mon;2
2012_2013;6;G2;225;tur_vis;cra_mon;2
2012_2013;6;G2;226;tur_vis;cra_mon;2
2012_2013;6;G2;227;tur_mer;cra_mon;3
2012_2013;6;G3;228;tur_ili;cra_mon;1
2012_2013;6;G3;229;tur_ili;cra_mon;1
2012_2013;6;G3;230;tur_phi;cra_mon;1
2012_2013;6;G3;231;tur_ili;cra_mon;2
2012_2013;6;G3;232;tur_ili;cra_mon;2
2012_2013;6;G3;233;tur_ili;cra_mon;2
2012_2013;6;G3;234;tur_ili;ile_aqu;2
2012_2013;6;G3;235;tur_ili;ile_aqu;2
2012_2013;6;G3;236;tur_ili;ile_aqu;2
2012_2013;6;G3;237;tur_ili;ile_aqu;2
2012_2013;6;G3;238;tur_ili;ile_aqu;2
2012_2013;6;G3;239;tur_ili;ile_aqu;2
2012_2013;6;G3;240;tur_ili;ile_aqu;2
2012_2013;6;G3;241;tur_ili;ile_aqu;2
2012_2013;6;G3;242;tur_phi;ile_aqu;2
2012_2013;6;G3;243;tur_ili;ile_aqu;3
2012_2013;6;G3;244;tur_ili;ile_aqu;3
2012_2013;6;G3;245;tur_ili;ile_aqu;3
2012_2013;6;G3;246;tur_ili;ile_aqu;3
2012_2013;6;G3;247;tur_ili;cra_mon;4
2012_2013;6;G3;248;tur_ili;cra_mon;4
2012_2013;6;G3;249;tur_ili;ile_aqu;4
2012_2013;6;G3;250;tur_ili;ile_aqu;4
2012_2013;6;G3;251;tur_ili;ile_aqu;5
2012_2013;6;G3;252;tur_ili;ile_aqu;10
2012_2013;6;M1;253;eri_rub;cra_mon;2
2012_2013;6;M1;254;tur_phi;cra_mon;2
2012_2013;6;M1;255;tur_phi;cra_mon;2
2012_2013;6;M1;256;tur_mer;cra_mon;2
2012_2013;6;M2;257;tur_ili;ile_aqu;1
2012_2013;6;M2;258;tur_ili;ile_aqu;2
2012_2013;6;M2;259;tur_ili;ile_aqu;2
2012_2013;6;M2;260;tur_mer;ile_aqu;2
2012_2013;6;M3;261;tur_ili;cra_mon;1
2012_2013;6;M3;262;tur_ili;cra_mon;1
2012_2013;6;M3;263;tur_ili;ile_aqu;1
2012_2013;6;P1;264;tur_vis;tax_bac;1
2012_2013;6;P1;265;tur_ili;tax_bac;2
2012_2013;6;P1;266;tur_mer;tax_bac;2
2012_2013;6;P2;267;tur_mer;tax_bac;1
2012_2013;6;P2;268;tur_mer;cra_mon;2
2012_2013;6;P2;269;tur_mer;cra_mon;2
2012_2013;6;P2;270;tur_phi;tax_bac;2
2012_2013;6;P2;271;tur_mer;tax_bac;4
2012_2013;6;P2;272;tur_mer;cra_mon;7
2012_2013;6;P3;273;tur_mer;ile_aqu;1
2012_2013;6;P3;274;tur_vis;cra_mon;2
2012_2013;6;P4;275;tur_ili;tax_bac;1
2012_2013;6;P4;276;tur_phi;tax_bac;1
2012_2013;6;P4;277;tur_ili;tax_bac;2
2012_2013;6;P4;278;tur_phi;tax_bac;2
2012_2013;7;B1;279;tur_mer;cra_mon;1
2012_2013;7;B1;280;tur_phi;cra_mon;1
2012_2013;7;B1;281;tur_phi;cra_mon;1
2012_2013;7;B1;282;tur_phi;cra_mon;1
2012_2013;7;B1;283;tur_ili;cra_mon;2
2012_2013;7;B1;284;tur_ili;cra_mon;2
2012_2013;7;B1;285;tur_mer;cra_mon;2
2012_2013;7;B1;286;tur_mer;cra_mon;2
2012_2013;7;B1;287;tur_mer;cra_mon;2
2012_2013;7;B1;288;tur_phi;cra_mon;2
2012_2013;7;B1;289;tur_ili;cra_mon;3
2012_2013;7;B1;290;tur_mer;cra_mon;3
2012_2013;7;B1;291;tur_mer;cra_mon;3
2012_2013;7;B1;292;tur_phi;cra_mon;3
2012_2013;7;B1;293;tur_phi;cra_mon;3
2012_2013;7;B1;294;tur_mer;cra_mon;4
2012_2013;7;B1;295;tur_mer;cra_mon;4
2012_2013;7;B1;296;tur_phi;cra_mon;4
2012_2013;7;B1;297;tur_mer;cra_mon;5
2012_2013;7;B1;298;tur_mer;cra_mon;5
2012_2013;7;B2;299;tur_phi;cra_mon;1
2012_2013;7;B2;300;tur_ili;cra_mon;2
2012_2013;7;B2;301;tur_mer;cra_mon;3
2012_2013;7;B2;302;tur_mer;cra_mon;3
2012_2013;7;B2;303;tur_ili;cra_mon;4
2012_2013;7;B2;304;tur_mer;cra_mon;4
2012_2013;7;B2;305;tur_mer;cra_mon;6
2012_2013;7;B2;306;tur_mer;cra_mon;8
2012_2013;7;B2;307;tur_ili;cra_mon;11
2012_2013;7;B3;308;tur_ili;cra_mon;1
2012_2013;7;B3;309;tur_mer;cra_mon;1
2012_2013;7;B3;310;tur_mer;cra_mon;2
2012_2013;7;B3;311;tur_pil;cra_mon;4
2012_2013;7;B3;312;tur_vis;cra_mon;4
2012_2013;7;B3;313;tur_pil;cra_mon;5
2012_2013;7;B3;314;tur_pil;cra_mon;5
2012_2013;7;B3;315;tur_pil;cra_mon;6
2012_2013;7;B3;316;tur_pil;cra_mon;8
2012_2013;7;B3;317;tur_pil;cra_mon;10
2012_2013;7;B4;318;tur_ili;cra_mon;1
2012_2013;7;B4;319;tur_pil;cra_mon;1
2012_2013;7;B4;320;tur_ili;cra_mon;2
2012_2013;7;B4;321;tur_ili;cra_mon;2
2012_2013;7;B4;322;tur_ili;cra_mon;2
2012_2013;7;B4;323;tur_ili;cra_mon;2
2012_2013;7;B4;324;tur_ili;cra_mon;2
2012_2013;7;B4;325;tur_mer;cra_mon;2
2012_2013;7;B4;326;tur_mer;cra_mon;2
2012_2013;7;B4;327;tur_ili;cra_mon;3
2012_2013;7;B4;328;tur_pil;cra_mon;3
2012_2013;7;B4;329;tur_pil;cra_mon;3
2012_2013;7;B4;330;tur_ili;cra_mon;4
2012_2013;7;B4;331;tur_mer;cra_mon;4
2012_2013;7;B4;332;tur_pil;cra_mon;4
2012_2013;7;B4;333;tur_pil;cra_mon;5
2012_2013;7;B4;334;tur_pil;cra_mon;5
2012_2013;7;B4;335;tur_ili;cra_mon;6
2012_2013;7;B4;336;tur_mer;cra_mon;6
2012_2013;7;B4;337;tur_mer;cra_mon;17
2012_2013;7;G1;338;tur_mer;cra_mon;1
2012_2013;7;G1;339;tur_mer;cra_mon;1
2012_2013;7;G1;340;tur_mer;cra_mon;2
2012_2013;7;G1;341;tur_mer;cra_mon;3
2012_2013;7;G1;342;tur_mer;cra_mon;3
2012_2013;7;G2;343;tur_mer;cra_mon;1
2012_2013;7;G2;344;tur_mer;cra_mon;1
2012_2013;7;G2;345;tur_mer;cra_mon;1
2012_2013;7;G2;346;tur_mer;cra_mon;1
2012_2013;7;G2;347;tur_mer;cra_mon;1
2012_2013;7;G2;348;tur_mer;cra_mon;1
2012_2013;7;G2;349;tur_mer;cra_mon;1
2012_2013;7;G2;350;tur_mer;cra_mon;1
2012_2013;7;G2;351;tur_mer;cra_mon;1
2012_2013;7;G2;352;tur_mer;cra_mon;1
2012_2013;7;G2;353;tur_mer;cra_mon;1
2012_2013;7;G2;354;tur_mer;cra_mon;1
2012_2013;7;G2;355;tur_mer;cra_mon;1
2012_2013;7;G2;356;tur_mer;cra_mon;1
2012_2013;7;G2;357;tur_mer;cra_mon;1
2012_2013;7;G2;358;tur_mer;cra_mon;1
2012_2013;7;G2;359;tur_mer;cra_mon;1
2012_2013;7;G2;360;tur_mer;cra_mon;1
2012_2013;7;G2;361;tur_mer;cra_mon;1
2012_2013;7;G2;362;tur_mer;cra_mon;1
2012_2013;7;G2;363;tur_mer;cra_mon;1
2012_2013;7;G2;364;tur_mer;cra_mon;2
2012_2013;7;G2;365;tur_mer;cra_mon;2
2012_2013;7;G2;366;tur_mer;cra_mon;2
2012_2013;7;G2;367;tur_mer;cra_mon;2
2012_2013;7;G2;368;tur_mer;cra_mon;2
2012_2013;7;G2;369;tur_mer;cra_mon;2
2012_2013;7;G2;370;tur_mer;cra_mon;2
2012_2013;7;G2;371;tur_mer;cra_mon;2
2012_2013;7;G2;372;tur_mer;cra_mon;2
2012_2013;7;G2;373;tur_mer;cra_mon;2
2012_2013;7;G2;374;tur_mer;cra_mon;3
2012_2013;7;G2;375;tur_mer;cra_mon;3
2012_2013;7;G2;376;tur_mer;cra_mon;3
2012_2013;7;G2;377;tur_mer;cra_mon;3
2012_2013;7;G2;378;tur_mer;cra_mon;3
2012_2013;7;G2;379;tur_mer;cra_mon;3
2012_2013;7;G2;380;tur_mer;cra_mon;4
2012_2013;7;G2;381;tur_mer;cra_mon;5
2012_2013;7;G2;382;tur_mer;cra_mon;5
2012_2013;7;G2;383;tur_mer;cra_mon;5
2012_2013;7;G2;384;tur_mer;cra_mon;6
2012_2013;7;G2;385;tur_mer;cra_mon;6
2012_2013;7;G2;386;tur_mer;cra_mon;6
2012_2013;7;G2;387;tur_mer;cra_mon;6
2012_2013;7;G2;388;tur_mer;cra_mon;7
2012_2013;7;G2;389;tur_mer;cra_mon;7
2012_2013;7;G2;390;tur_mer;cra_mon;7
2012_2013;7;G2;391;tur_mer;cra_mon;7
2012_2013;7;G2;392;tur_mer;cra_mon;7
2012_2013;7;G2;393;tur_mer;cra_mon;7
2012_2013;7;G2;394;tur_mer;cra_mon;7
2012_2013;7;G2;395;tur_mer;cra_mon;8
2012_2013;7;G2;396;tur_mer;cra_mon;8
2012_2013;7;G2;397;tur_mer;cra_mon;10
2012_2013;7;G2;398;tur_mer;cra_mon;15
2012_2013;7;G2;399;tur_mer;cra_mon;15
2012_2013;7;G2;400;tur_mer;cra_mon;15
2012_2013;7;G3;401;tur_mer;cra_mon;7
2012_2013;7;M1;402;tur_phi;cra_mon;3
2012_2013;7;M3;403;tur_mer;cra_mon;1
2012_2013;7;M3;404;tur_mer;cra_mon;1
2012_2013;7;P1;405;eri_rub;tax_bac;2
2012_2013;7;P2;406;tur_mer;tax_bac;1
2012_2013;7;P2;407;tur_mer;tax_bac;2
2012_2013;7;P2;408;tur_mer;tax_bac;2
2012_2013;7;P2;409;tur_mer;tax_bac;2
2012_2013;7;P2;410;tur_mer;tax_bac;3
2012_2013;7;P2;411;tur_mer;tax_bac;3
2012_2013;7;P2;412;tur_mer;tax_bac;3
2012_2013;7;P2;413;tur_phi;tax_bac;3
2012_2013;7;P3;414;tur_mer;cra_mon;1
2012_2013;7;P3;415;tur_mer;cra_mon;1
2012_2013;7;P3;416;tur_mer;cra_mon;4
2012_2013;7;P3;417;tur_mer;cra_mon;6
2012_2013;7;P3;418;tur_mer;cra_mon;7
2012_2013;7;P3;419;tur_mer;cra_mon;10
2012_2013;7;P4;420;tur_mer;tax_bac;1
2012_2013;7;P4;421;tur_mer;cra_mon;3
2012_2013;7;P4;422;tur_mer;cra_mon;3
2012_2013;7;P4;423;tur_mer;cra_mon;5
2012_2013;8;B1;424;tur_mer;cra_mon;1
2012_2013;8;B1;425;tur_mer;cra_mon;1
2012_2013;8;B1;426;tur_mer;cra_mon;2
2012_2013;8;B1;427;tur_mer;cra_mon;2
2012_2013;8;B1;428;tur_mer;cra_mon;2
2012_2013;8;B1;429;tur_mer;cra_mon;2
2012_2013;8;B1;430;tur_mer;cra_mon;2
2012_2013;8;B1;431;tur_phi;cra_mon;2
2012_2013;8;B1;432;tur_mer;cra_mon;3
2012_2013;8;B1;433;tur_mer;cra_mon;4
2012_2013;8;B1;434;tur_mer;cra_mon;5
2012_2013;8;B1;435;tur_phi;cra_mon;5
2012_2013;8;B1;436;tur_mer;cra_mon;8
2012_2013;8;B1;437;tur_mer;cra_mon;9
2012_2013;8;B4;438;tur_ili;cra_mon;1
2012_2013;8;B4;439;tur_mer;cra_mon;1
2012_2013;8;B4;440;tur_mer;cra_mon;1
2012_2013;8;B4;441;tur_ili;cra_mon;2
2012_2013;8;B4;442;tur_mer;cra_mon;2
2012_2013;8;B4;443;tur_mer;cra_mon;4
2012_2013;8;G1;444;tur_mer;cra_mon;2
2012_2013;8;G1;445;tur_mer;cra_mon;2
2012_2013;8;G1;446;tur_mer;cra_mon;4
2012_2013;8;G2;447;tur_mer;cra_mon;1
2012_2013;8;G2;448;tur_mer;cra_mon;1
2012_2013;8;G2;449;tur_mer;cra_mon;2
2012_2013;8;G2;450;tur_mer;cra_mon;2
2012_2013;8;M1;451;tur_phi;cra_mon;6
2012_2013;8;M1;452;tur_phi;cra_mon;6
2012_2013;8;M2;453;tur_mer;cra_mon;1
2012_2013;8;M2;454;tur_mer;cra_mon;2
2012_2013;8;P3;455;tur_mer;cra_mon;2
2012_2013;8;P3;456;tur_mer;cra_mon;3
2013_2014;9;B2;457;tur_mer;sor_auc;2
2013_2014;9;B3;458;tur_mer;sor_auc;2
2013_2014;9;B3;459;tur_mer;sor_auc;4
2013_2014;9;B3;460;tur_mer;sor_auc;5
2013_2014;9;B3;461;tur_mer;sor_auc;9
2013_2014;9;B4;462;tur_mer;sor_auc;4
2013_2014;9;B4;463;tur_mer;sor_auc;9
2013_2014;9;B4;464;tur_mer;sor_auc;10
2013_2014;9;G3;465;tur_phi;ile_aqu;1
2013_2014;9;M3;466;syl_atr;rub_fru;3
2013_2014;9;P4;467;tur_mer;sor_auc;2
2013_2014;10;B4;468;syl_atr;sor_auc;1
2013_2014;10;M1;469;tur_phi;rub_fru;3
2013_2014;10;M3;470;eri_rub;rub_fru;1
2013_2014;10;M3;471;syl_atr;rub_fru;3
2013_2014;10;P1;472;tur_mer;sor_auc;5
2013_2014;10;P1;473;tur_mer;sor_auc;6
2013_2014;10;P1;474;tur_mer;sor_auc;8
2013_2014;10;P2;475;syl_atr;sam_nig;1
2013_2014;10;P2;476;syl_atr;sam_nig;1
2013_2014;10;P2;477;tur_mer;rub_fru;1
2013_2014;10;P2;478;tur_mer;sam_nig;1
2013_2014;10;P2;479;syl_atr;sam_nig;2
2013_2014;10;P2;480;syl_atr;sam_nig;2
2013_2014;10;P2;481;syl_atr;sam_nig;2
2013_2014;10;P2;482;syl_atr;sam_nig;2
2013_2014;10;P2;483;tur_mer;tax_bac;2
2013_2014;10;P2;484;tur_mer;tax_bac;2
2013_2014;10;P2;485;syl_atr;sam_nig;3
2013_2014;10;P2;486;syl_atr;sam_nig;4
2013_2014;10;P2;487;syl_atr;sam_nig;5
2013_2014;11;B2;488;tur_phi;sor_auc;1
2013_2014;11;B2;489;tur_mer;sor_auc;2
2013_2014;11;B2;490;tur_mer;sor_auc;2
2013_2014;11;B2;491;tur_mer;sor_auc;2
2013_2014;11;B2;492;syl_atr;rub_fru;4
2013_2014;11;B2;493;tur_mer;sor_auc;7
2013_2014;11;B3;494;eri_rub;sor_auc;1
2013_2014;11;B3;495;syl_atr;sor_auc;1
2013_2014;11;B3;496;syl_atr;sor_auc;1
2013_2014;11;B3;497;syl_atr;sor_auc;2
2013_2014;11;B3;498;tur_mer;sor_auc;2
2013_2014;11;B3;499;tur_phi;sor_auc;3
2013_2014;11;B4;500;tur_vis;sor_auc;1
2013_2014;11;B4;501;tur_mer;sor_auc;5
2013_2014;11;G3;502;eri_rub;sam_nig;1
2013_2014;11;G3;503;syl_atr;rub_fru;1
2013_2014;11;G3;504;syl_atr;sam_nig;1
2013_2014;11;G3;505;syl_atr;sam_nig;1
2013_2014;11;G3;506;syl_atr;sam_nig;1
2013_2014;11;G3;507;syl_atr;sam_nig;1
2013_2014;11;G3;508;eri_rub;sam_nig;2
2013_2014;11;G3;509;syl_atr;sam_nig;2
2013_2014;11;G3;510;syl_atr;sam_nig;2
2013_2014;11;G3;511;syl_atr;sam_nig;2
2013_2014;11;G3;512;syl_atr;sam_nig;2
2013_2014;11;G3;513;syl_atr;sam_nig;2
2013_2014;11;G3;514;syl_atr;sam_nig;2
2013_2014;11;G3;515;syl_atr;sam_nig;2
2013_2014;11;G3;516;tur_mer;rub_fru;2
2013_2014;11;G3;517;syl_atr;sam_nig;3
2013_2014;11;G3;518;syl_atr;sam_nig;3
2013_2014;11;G3;519;syl_atr;sam_nig;3
2013_2014;11;G3;520;syl_atr;sam_nig;3
2013_2014;11;G3;521;tur_mer;rub_fru;3
2013_2014;11;G3;522;tur_mer;sam_nig;3
2013_2014;11;G3;523;tur_mer;sam_nig;3
2013_2014;11;G3;524;syl_atr;sam_nig;4
2013_2014;11;G3;525;syl_atr;sam_nig;5
2013_2014;11;G3;526;syl_atr;sam_nig;7
2013_2014;11;G3;527;syl_atr;sam_nig;7
2013_2014;11;M1;528;eri_rub;rub_fru;1
2013_2014;11;M1;529;syl_atr;rub_fru;1
2013_2014;11;M1;530;eri_rub;rub_fru;3
2013_2014;11;M1;531;syl_atr;rub_fru;3
2013_2014;11;M1;532;syl_atr;rub_fru;4
2013_2014;11;M2;533;syl_atr;cra_mon;1
2013_2014;11;M2;534;syl_atr;rub_fru;1
2013_2014;11;M2;535;gar_gla;rub_fru;3
2013_2014;11;M3;536;tur_mer;rub_fru;2
2013_2014;11;M3;537;eri_rub;rub_fru;3
2013_2014;11;M3;538;syl_atr;rub_fru;7
2013_2014;11;P1;539;tur_mer;sor_auc;2
2013_2014;11;P2;540;syl_atr;sam_nig;1
2013_2014;11;P4;541;tur_vis;tax_bac;2
2013_2014;11;P4;542;tur_mer;sor_ari;3
2013_2014;11;P4;543;tur_mer;sor_ari;3
2013_2014;11;P4;544;tur_mer;sor_ari;4
2013_2014;11;P4;545;tur_vis;sor_ari;4
2013_2014;11;P4;546;tur_vis;sor_ari;5
2013_2014;12;B2;547;tur_mer;sor_ari;1
2013_2014;12;B2;548;tur_phi;sor_auc;1
2013_2014;12;G1;549;syl_atr;cra_mon;1
2013_2014;12;G1;550;syl_atr;rub_fru;1
2013_2014;12;G1;551;tur_mer;cra_mon;3
2013_2014;12;G2;552;tur_mer;cra_mon;4
2013_2014;12;G3;553;eri_rub;cra_mon;1
2013_2014;12;G3;554;eri_rub;cra_mon;1
2013_2014;12;G3;555;eri_rub;cra_mon;3
2013_2014;12;P2;556;tur_phi;tax_bac;1
2013_2014;12;P2;557;tur_mer;tax_bac;3
2013_2014;12;P4;558;tur_phi;sor_ari;1
2013_2014;12;P4;559;tur_vis;sor_ari;1
2013_2014;12;P4;560;tur_vis;tax_bac;1
2013_2014;12;P4;561;tur_mer;sor_ari;2
2013_2014;12;P4;562;tur_vis;sor_ari;2
2013_2014;12;P4;563;tur_vis;sor_ari;2
2013_2014;12;P4;564;tur_vis;sor_ari;2
2013_2014;12;P4;565;tur_vis;sor_ari;3
2013_2014;12;P4;566;tur_vis;sor_ari;3
2013_2014;12;P4;567;tur_vis;sor_ari;3
2013_2014;12;P4;568;tur_vis;sor_ari;3
2013_2014;12;P4;569;tur_vis;sor_ari;3
2013_2014;12;P4;570;tur_vis;sor_ari;4
2013_2014;12;P4;571;tur_vis;sor_ari;4
2013_2014;12;P4;572;tur_vis;sor_ari;4
2013_2014;12;P4;573;tur_phi;sor_ari;5
2013_2014;12;P4;574;tur_vis;sor_ari;5
2013_2014;12;P4;575;tur_vis;sor_ari;5
2013_2014;12;P4;576;tur_vis;sor_ari;5
2013_2014;12;P4;577;tur_vis;sor_ari;5
2013_2014;12;P4;578;tur_vis;sor_ari;6
2013_2014;12;P4;579;tur_vis;sor_ari;6
2013_2014;12;P4;580;tur_tor;sor_ari;8
2013_2014;13;B1;581;syl_atr;rub_fru;1
2013_2014;13;B1;582;tur_mer;rub_fru;1
2013_2014;13;B1;583;tur_mer;rub_fru;1
2013_2014;13;B1;584;tur_mer;cra_mon;2
2013_2014;13;B1;585;syl_atr;rub_fru;3
2013_2014;13;B3;586;tur_phi;sor_ari;2
2013_2014;13;B4;587;tur_mer;cra_mon;1
2013_2014;13;G1;588;tur_mer;rub_fru;1
2013_2014;13;G1;589;tur_mer;rub_fru;1
2013_2014;13;G1;590;tur_mer;rub_fru;3
2013_2014;13;G2;591;tur_mer;cra_mon;1
2013_2014;13;G2;592;tur_mer;cra_mon;1
2013_2014;13;G2;593;tur_mer;cra_mon;1
2013_2014;13;G2;594;tur_mer;cra_mon;2
2013_2014;13;G2;595;tur_mer;cra_mon;4
2013_2014;13;G3;596;tur_mer;cra_mon;2
2013_2014;13;G3;597;tur_mer;rub_fru;2
2013_2014;13;G3;598;tur_phi;cra_mon;2
2013_2014;13;G3;599;syl_atr;rub_fru;3
2013_2014;13;G3;600;tur_phi;cra_mon;6
2013_2014;13;G3;601;tur_mer;cra_mon;7
2013_2014;13;G3;602;tur_phi;cra_mon;7
2013_2014;13;M1;603;syl_atr;rub_fru;2
2013_2014;13;M1;604;tur_phi;cra_mon;2
2013_2014;13;M3;605;tur_mer;cra_mon;2
2013_2014;14;B1;606;tur_mer;cra_mon;6
2013_2014;14;B1;607;tur_mer;cra_mon;9
2013_2014;14;B2;608;syl_atr;cra_mon;1
2013_2014;14;B2;609;syl_atr;ile_aqu;1
2013_2014;14;B2;610;syl_atr;ile_aqu;1
2013_2014;14;B3;611;tur_mer;cra_mon;1
2013_2014;14;B3;612;tur_mer;ile_aqu;1
2013_2014;14;B3;613;tur_phi;cra_mon;1
2013_2014;14;B3;614;tur_phi;ile_aqu;1
2013_2014;14;B3;615;tur_ili;ile_aqu;2
2013_2014;14;B3;616;tur_ili;ile_aqu;2
2013_2014;14;B3;617;tur_ili;ile_aqu;2
2013_2014;14;B3;618;tur_phi;cra_mon;2
2013_2014;14;B3;619;tur_mer;ile_aqu;3
2013_2014;14;B3;620;tur_ili;cra_mon;4
2013_2014;14;B3;621;tur_ili;ile_aqu;4
2013_2014;14;B3;622;tur_ili;ile_aqu;4
2013_2014;14;B3;623;tur_mer;ile_aqu;5
2013_2014;14;B3;624;tur_phi;cra_mon;5
2013_2014;14;G1;625;tur_mer;cra_mon;1
2013_2014;14;G1;626;tur_ili;cra_mon;2
2013_2014;14;G1;627;tur_ili;cra_mon;2
2013_2014;14;G1;628;tur_ili;cra_mon;2
2013_2014;14;G1;629;tur_mer;cra_mon;2
2013_2014;14;G1;630;tur_ili;cra_mon;3
2013_2014;14;G1;631;tur_ili;cra_mon;3
2013_2014;14;G1;632;tur_ili;cra_mon;3
2013_2014;14;G1;633;tur_phi;cra_mon;3
2013_2014;14;G1;634;tur_phi;cra_mon;3
2013_2014;14;G1;635;tur_ili;cra_mon;4
2013_2014;14;G1;636;tur_phi;cra_mon;4
2013_2014;14;G1;637;tur_ili;cra_mon;5
2013_2014;14;G1;638;tur_phi;cra_mon;5
2013_2014;14;G1;639;tur_phi;cra_mon;7
2013_2014;14;G2;640;tur_ili;cra_mon;1
2013_2014;14;G2;641;tur_mer;cra_mon;1
2013_2014;14;G2;642;tur_mer;cra_mon;1
2013_2014;14;G2;643;tur_mer;cra_mon;3
2013_2014;14;G2;644;tur_mer;cra_mon;3
2013_2014;14;G2;645;tur_mer;ile_aqu;3
2013_2014;14;G2;646;tur_ili;cra_mon;4
2013_2014;14;G2;647;tur_mer;ile_aqu;5
2013_2014;14;G2;648;tur_mer;ile_aqu;5
2013_2014;14;G2;649;tur_mer;cra_mon;8
2013_2014;14;G2;650;tur_mer;ile_aqu;8
2013_2014;14;G3;651;syl_atr;ile_aqu;1
2013_2014;14;G3;652;tur_ili;cra_mon;1
2013_2014;14;G3;653;tur_ili;ile_aqu;1
2013_2014;14;G3;654;tur_mer;cra_mon;1
2013_2014;14;G3;655;eri_rub;cra_mon;2
2013_2014;14;G3;656;eri_rub;cra_mon;2
2013_2014;14;G3;657;tur_ili;cra_mon;2
2013_2014;14;G3;658;tur_ili;ile_aqu;2
2013_2014;14;G3;659;tur_mer;cra_mon;2
2013_2014;14;G3;660;tur_ili;ile_aqu;3
2013_2014;14;G3;661;tur_ili;ile_aqu;3
2013_2014;14;G3;662;tur_ili;ile_aqu;5
2013_2014;14;G3;663;tur_mer;cra_mon;6
2013_2014;14;G3;664;tur_mer;ile_aqu;6
2013_2014;14;G3;665;tur_mer;cra_mon;10
2013_2014;14;M1;666;eri_rub;ile_aqu;1
2013_2014;14;M1;667;tur_mer;ile_aqu;1
2013_2014;14;M1;668;tur_mer;ile_aqu;1
2013_2014;14;M1;669;tur_mer;ile_aqu;1
2013_2014;14;M1;670;tur_phi;ile_aqu;1
2013_2014;14;M1;671;tur_phi;ile_aqu;1
2013_2014;14;M1;672;tur_mer;ile_aqu;3
2013_2014;14;M1;673;tur_mer;ile_aqu;6
2013_2014;14;P1;674;tur_mer;cra_mon;1
2013_2014;14;P1;675;tur_mer;cra_mon;2
2013_2014;14;P2;676;tur_mer;cra_mon;1
2013_2014;14;P2;677;tur_mer;cra_mon;1
2013_2014;14;P2;678;tur_mer;cra_mon;2
2013_2014;14;P2;679;tur_mer;cra_mon;3
2013_2014;14;P2;680;tur_mer;cra_mon;6
2013_2014;14;P2;681;tur_mer;cra_mon;7
2013_2014;14;P3;682;tur_ili;cra_mon;1
2013_2014;14;P3;683;tur_mer;cra_mon;1
2013_2014;14;P3;684;tur_phi;cra_mon;2
2013_2014;14;P3;685;tur_phi;cra_mon;3
2013_2014;14;P3;686;tur_phi;cra_mon;4
2013_2014;14;P3;687;tur_vis;cra_mon;5
2013_2014;14;P3;688;tur_vis;ile_aqu;6
2013_2014;14;P4;689;tur_phi;cra_mon;1
2013_2014;14;P4;690;tur_mer;cra_mon;2
2013_2014;14;P4;691;tur_mer;cra_mon;2
2013_2014;14;P4;692;tur_mer;cra_mon;4
2013_2014;14;P4;693;tur_mer;cra_mon;6
2013_2014;14;P4;694;tur_phi;cra_mon;6
2013_2014;14;P4;695;tur_ili;cra_mon;7
2013_2014;14;P4;696;tur_mer;cra_mon;7
2013_2014;14;P4;697;tur_mer;cra_mon;9
2013_2014;15;B2;698;eri_rub;cra_mon;1
2013_2014;15;B3;699;tur_ili;ile_aqu;1
2013_2014;15;B4;700;tur_ili;cra_mon;1
2013_2014;15;B4;701;tur_mer;cra_mon;1
2013_2014;15;B4;702;tur_mer;cra_mon;1
2013_2014;15;B4;703;tur_mer;cra_mon;2
2013_2014;15;B4;704;tur_mer;cra_mon;2
2013_2014;15;B4;705;tur_mer;cra_mon;5
2013_2014;15;B4;706;tur_mer;cra_mon;8
2013_2014;15;G1;707;tur_mer;cra_mon;1
2013_2014;15;G1;708;tur_mer;cra_mon;1
2013_2014;15;G1;709;tur_mer;cra_mon;1
2013_2014;15;G1;710;tur_mer;cra_mon;1
2013_2014;15;G1;711;tur_mer;cra_mon;1
2013_2014;15;G1;712;tur_ili;ile_aqu;2
2013_2014;15;G1;713;tur_mer;cra_mon;2
2013_2014;15;G2;714;tur_mer;ile_aqu;1
2013_2014;15;G2;715;tur_mer;ile_aqu;1
2013_2014;15;G2;716;tur_mer;ile_aqu;1
2013_2014;15;G2;717;tur_mer;cra_mon;2
2013_2014;15;G2;718;tur_mer;cra_mon;2
2013_2014;15;G2;719;tur_mer;cra_mon;2
2013_2014;15;G2;720;tur_mer;ile_aqu;2
2013_2014;15;G2;721;tur_mer;cra_mon;3
2013_2014;15;G2;722;tur_mer;cra_mon;3
2013_2014;15;G2;723;tur_mer;cra_mon;3
2013_2014;15;G2;724;tur_mer;cra_mon;3
2013_2014;15;G2;725;tur_mer;cra_mon;3
2013_2014;15;G2;726;tur_mer;ile_aqu;3
2013_2014;15;G2;727;tur_phi;cra_mon;3
2013_2014;15;G2;728;tur_mer;ile_aqu;4
2013_2014;15;G2;729;tur_mer;cra_mon;6
2013_2014;15;G3;730;tur_mer;cra_mon;1
2013_2014;15;G3;731;tur_mer;ile_aqu;1
2013_2014;15;G3;732;syl_atr;ile_aqu;2
2013_2014;15;G3;733;tur_mer;cra_mon;2
2013_2014;15;G3;734;tur_mer;cra_mon;3
2013_2014;15;G3;735;tur_mer;ile_aqu;3
2013_2014;15;G3;736;tur_mer;ile_aqu;4
2013_2014;15;M1;737;tur_phi;ile_aqu;1
2013_2014;15;M1;738;tur_ili;ile_aqu;2
2013_2014;15;M1;739;tur_ili;ile_aqu;2
2013_2014;15;M1;740;tur_ili;ile_aqu;2
2013_2014;15;M1;741;tur_mer;ile_aqu;2
2013_2014;15;M1;742;tur_phi;ile_aqu;2
2013_2014;15;M1;743;tur_ili;ile_aqu;4
2013_2014;15;M1;744;tur_mer;ile_aqu;6
2013_2014;15;M1;745;tur_mer;ile_aqu;10
2013_2014;15;M1;746;tur_mer;ile_aqu;13
2013_2014;15;M2;747;tur_ili;ile_aqu;1
2013_2014;15;M2;748;tur_mer;ile_aqu;1
2013_2014;15;M3;749;tur_mer;ile_aqu;1
2013_2014;15;M3;750;tur_mer;ile_aqu;2
2013_2014;15;M3;751;tur_ili;ile_aqu;4
2013_2014;15;P1;752;tur_ili;ile_aqu;2
2013_2014;15;P1;753;tur_vis;tax_bac;2
2013_2014;15;P1;754;tur_ili;ile_aqu;3
2013_2014;15;P1;755;tur_ili;ile_aqu;3
2013_2014;15;P1;756;tur_mer;cra_mon;3
2013_2014;15;P1;757;tur_mer;ile_aqu;3
2013_2014;15;P1;758;tur_mer;ile_aqu;3
2013_2014;15;P1;759;tur_ili;ile_aqu;4
2013_2014;15;P1;760;tur_ili;ile_aqu;4
2013_2014;15;P1;761;tur_mer;cra_mon;4
2013_2014;15;P1;762;tur_mer;cra_mon;4
2013_2014;15;P1;763;tur_mer;ile_aqu;4
2013_2014;15;P1;764;tur_mer;ile_aqu;4
2013_2014;15;P1;765;tur_mer;ile_aqu;4
2013_2014;15;P1;766;tur_mer;ile_aqu;4
2013_2014;15;P1;767;tur_ili;ile_aqu;7
2013_2014;15;P1;768;tur_ili;ile_aqu;8
2013_2014;15;P1;769;tur_ili;ile_aqu;9
2013_2014;15;P1;770;tur_mer;cra_mon;10
2013_2014;15;P1;771;tur_mer;cra_mon;12
2013_2014;15;P2;772;tur_mer;cra_mon;2
2013_2014;15;P2;773;tur_mer;cra_mon;4
2013_2014;15;P2;774;tur_phi;cra_mon;4
2013_2014;15;P2;775;tur_mer;cra_mon;5
2013_2014;15;P2;776;tur_mer;cra_mon;8
2013_2014;15;P2;777;tur_mer;cra_mon;8
2013_2014;15;P2;778;tur_mer;cra_mon;9
2013_2014;15;P3;779;tur_mer;cra_mon;2
2013_2014;15;P4;780;tur_ili;ile_aqu;2
2013_2014;15;P4;781;tur_ili;ile_aqu;3
2013_2014;15;P4;782;tur_mer;cra_mon;7
2013_2014;16;B2;783;tur_mer;cra_mon;2
2013_2014;16;B2;784;tur_mer;cra_mon;3
2013_2014;16;B3;785;eri_rub;cra_mon;1
2013_2014;16;B3;786;syl_atr;ile_aqu;1
2013_2014;16;B3;787;tur_mer;cra_mon;4
2013_2014;16;B3;788;tur_mer;cra_mon;6
2013_2014;16;B4;789;tur_mer;cra_mon;16
2013_2014;16;G1;790;tur_mer;cra_mon;2
2013_2014;16;G1;791;tur_mer;cra_mon;3
2013_2014;16;G1;792;tur_mer;cra_mon;3
2013_2014;16;G1;793;tur_mer;cra_mon;3
2013_2014;16;G1;794;tur_mer;cra_mon;4
2013_2014;16;G1;795;tur_mer;ile_aqu;4
2013_2014;16;G1;796;tur_mer;cra_mon;9
2013_2014;16;G2;797;tur_mer;cra_mon;1
2013_2014;16;G2;798;tur_mer;ile_aqu;1
2013_2014;16;G2;799;tur_mer;cra_mon;2
2013_2014;16;G2;800;tur_mer;cra_mon;2
2013_2014;16;G2;801;tur_mer;cra_mon;2
2013_2014;16;G2;802;tur_mer;cra_mon;3
2013_2014;16;G2;803;tur_mer;cra_mon;4
2013_2014;16;G2;804;tur_mer;cra_mon;4
2013_2014;16;G2;805;tur_mer;ile_aqu;4
2013_2014;16;G2;806;tur_mer;cra_mon;5
2013_2014;16;G2;807;tur_mer;cra_mon;5
2013_2014;16;G2;808;tur_mer;ile_aqu;5
2013_2014;16;G2;809;tur_mer;ile_aqu;6
2013_2014;16;G2;810;tur_mer;ile_aqu;6
2013_2014;16;G2;811;tur_mer;ile_aqu;6
2013_2014;16;G2;812;tur_mer;ile_aqu;6
2013_2014;16;G2;813;tur_mer;cra_mon;7
2013_2014;16;G2;814;tur_mer;cra_mon;8
2013_2014;16;G2;815;tur_mer;cra_mon;8
2013_2014;16;G2;816;tur_mer;ile_aqu;8
2013_2014;16;G2;817;tur_mer;ile_aqu;9
2013_2014;16;G2;818;tur_mer;ile_aqu;9
2013_2014;16;G3;819;tur_ili;ile_aqu;1
2013_2014;16;G3;820;tur_mer;cra_mon;1
2013_2014;16;G3;821;tur_mer;ile_aqu;1
2013_2014;16;G3;822;tur_mer;ile_aqu;2
2013_2014;16;M1;823;tur_mer;ile_aqu;1
2013_2014;16;M1;824;tur_mer;ile_aqu;1
2013_2014;16;M1;825;tur_mer;ile_aqu;2
2013_2014;16;M1;826;tur_mer;ile_aqu;2
2013_2014;16;M1;827;tur_mer;ile_aqu;2
2013_2014;16;M1;828;tur_mer;ile_aqu;2
2013_2014;16;M1;829;tur_phi;ile_aqu;2
2013_2014;16;M1;830;tur_mer;ile_aqu;3
2013_2014;16;M1;831;tur_phi;ile_aqu;3
2013_2014;16;M1;832;tur_mer;ile_aqu;4
2013_2014;16;M1;833;tur_mer;ile_aqu;4
2013_2014;16;M1;834;tur_mer;ile_aqu;4
2013_2014;16;M1;835;tur_mer;ile_aqu;7
2013_2014;16;M1;836;tur_mer;ile_aqu;7
2013_2014;16;M1;837;tur_mer;ile_aqu;9
2013_2014;16;M2;838;tur_mer;ile_aqu;5
2013_2014;16;M2;839;tur_mer;ile_aqu;8
2013_2014;16;M3;840;tur_mer;ile_aqu;7
2013_2014;16;M3;841;tur_mer;ile_aqu;8
2013_2014;16;M3;842;tur_mer;ile_aqu;10
2013_2014;16;P1;843;tur_mer;ile_aqu;1
2013_2014;16;P3;844;tur_mer;cra_mon;1
2013_2014;16;P4;845;tur_mer;ile_aqu;1
2013_2014;16;P4;846;tur_ili;ile_aqu;2
2013_2014;17;B1;847;tur_mer;ile_aqu;2
2013_2014;17;B1;848;tur_phi;ile_aqu;4
2013_2014;17;B2;849;tur_mer;ile_aqu;5
2013_2014;17;B2;850;tur_mer;ile_aqu;5
2013_2014;17;B2;851;tur_mer;ile_aqu;5
2013_2014;17;B2;852;tur_mer;cra_mon;7
2013_2014;17;B2;853;tur_mer;ile_aqu;7
2013_2014;17;B2;854;tur_mer;ile_aqu;9
2013_2014;17;B2;855;tur_mer;ile_aqu;11
2013_2014;17;B2;856;tur_mer;cra_mon;12
2013_2014;17;B3;857;tur_ili;ile_aqu;3
2013_2014;17;B4;858;tur_mer;ile_aqu;12
2013_2014;17;G1;859;tur_mer;cra_mon;1
2013_2014;17;G1;860;tur_mer;cra_mon;6
2013_2014;17;G2;861;tur_mer;cra_mon;1
2013_2014;17;G2;862;tur_mer;ile_aqu;1
2013_2014;17;G2;863;tur_ili;ile_aqu;2
2013_2014;17;G2;864;tur_mer;cra_mon;3
2013_2014;17;G2;865;tur_mer;ile_aqu;3
2013_2014;17;G2;866;tur_mer;ile_aqu;3
2013_2014;17;G2;867;tur_mer;ile_aqu;11
2013_2014;17;G2;868;tur_mer;ile_aqu;12
2013_2014;17;G3;869;tur_mer;ile_aqu;2
2013_2014;17;G3;870;tur_mer;ile_aqu;3
2013_2014;17;G3;871;tur_mer;ile_aqu;3
2013_2014;17;M1;872;syl_atr;ile_aqu;1
2013_2014;17;M1;873;tur_ili;ile_aqu;1
2013_2014;17;M1;874;tur_ili;ile_aqu;1
2013_2014;17;M1;875;tur_ili;ile_aqu;2
2013_2014;17;M1;876;tur_phi;ile_aqu;4
2013_2014;17;M1;877;tur_mer;ile_aqu;6
2013_2014;17;M2;878;tur_mer;ile_aqu;1
2013_2014;17;M3;879;tur_ili;ile_aqu;1
2013_2014;17;M3;880;tur_ili;ile_aqu;2
2013_2014;17;M3;881;tur_ili;ile_aqu;2
2013_2014;17;M3;882;tur_ili;ile_aqu;2
2013_2014;17;M3;883;tur_ili;ile_aqu;2
2013_2014;17;M3;884;tur_ili;ile_aqu;2
2013_2014;17;M3;885;tur_ili;ile_aqu;2
2013_2014;17;M3;886;tur_mer;ile_aqu;2
2013_2014;17;M3;887;tur_mer;ile_aqu;2
2013_2014;17;M3;888;tur_mer;ile_aqu;2
2013_2014;17;M3;889;tur_mer;ile_aqu;2
2013_2014;17;M3;890;tur_mer;ile_aqu;2
2013_2014;17;M3;891;tur_ili;ile_aqu;3
2013_2014;17;M3;892;tur_ili;ile_aqu;3
2013_2014;17;M3;893;tur_ili;ile_aqu;3
2013_2014;17;M3;894;tur_ili;ile_aqu;3
2013_2014;17;M3;895;tur_ili;ile_aqu;3
2013_2014;17;M3;896;tur_ili;ile_aqu;3
2013_2014;17;M3;897;tur_ili;ile_aqu;3
2013_2014;17;M3;898;tur_mer;ile_aqu;3
2013_2014;17;M3;899;tur_mer;ile_aqu;3
2013_2014;17;M3;900;tur_ili;ile_aqu;4
2013_2014;17;M3;901;tur_ili;ile_aqu;4
2013_2014;17;M3;902;tur_ili;ile_aqu;4
2013_2014;17;M3;903;tur_ili;ile_aqu;5
2013_2014;17;M3;904;tur_ili;ile_aqu;5
2013_2014;17;M3;905;tur_ili;ile_aqu;5
2013_2014;17;M3;906;tur_ili;ile_aqu;5
2013_2014;17;M3;907;tur_mer;ile_aqu;6
2013_2014;17;M3;908;tur_ili;ile_aqu;7
2013_2014;17;M3;909;tur_ili;ile_aqu;7
2013_2014;17;M3;910;tur_mer;ile_aqu;7
2013_2014;17;M3;911;tur_mer;ile_aqu;8
2013_2014;17;M3;912;tur_mer;ile_aqu;9
2013_2014;17;M3;913;tur_mer;ile_aqu;10
2013_2014;17;P1;914;tur_ili;cra_mon;1
2013_2014;17;P2;915;tur_mer;cra_mon;4
2013_2014;17;P2;916;tur_mer;cra_mon;5
2013_2014;17;P3;917;tur_ili;ile_aqu;2
2013_2014;17;P3;918;tur_ili;ile_aqu;2
2013_2014;17;P4;919;tur_mer;ile_aqu;3
2013_2014;17;P4;920;tur_mer;ile_aqu;6
2013_2014;17;P4;921;tur_phi;ile_aqu;7
2013_2014;17;P4;922;tur_phi;ile_aqu;8
2013_2014;17;P4;923;tur_mer;ile_aqu;12
2013_2014;17;P4;924;tur_phi;ile_aqu;13
